"original_file_name","Hash"
"0iv8Cun3buTM427o9F9ltHWK3QZbH6LZNuLPd4QA.docx","853B04B308652C09C52E32C105889ADAFECF236DF4960B8F0D8F02E35C9A2864"
"0Y6cZ9mWznFRSnKQ6oHP4ltDY3AoZS5GStr9524d.pdf","792FBB961D2F5EBA918551D2CBF69E494051D9926D96564CA2EDBF5C574935E8"
"1FsyyQLTBgaF5n8RpkpoDW9sb44k3HrKYIkVLDOA.docx","3ED46E72A3888E4223E7A672C207269F5DE645DA552FFE1CCF8EDDFDAC5CC6C6"
"1JmGitYKoCvLhifKxJIRO1KIaJBlmY94SCLiXJFV.pdf","C28860C5FE87BF91F48ABA1F03C4A1B1E3DC7F185164D3F4778B40C6AEF01E0E"
"23KTrp3fjSEzV1zmffirCNNM5gEjO6OjoothCX4L.docx","B8D5534959616FEBBDDCBC3F1467E862269520F42F13C229F699FA7D59D573CD"
"2ZxC1axAgTzLH5yXEKzzSmc2pK6qKPzy3lf3R1PQ.pdf","477B22F4E597EC3856DC3A548F47326784BD3CDBB5C4961D64D8D8D10231EBA9"
"3DBWEKuSxFwnGifTs84F1TToZvp3ZzK7taqZLoHg.docx","DD6A09633EC5B89566BE286782EB1CF3727FEC92205F896B55DDCA024EC6FB0B"
"3iBTQFsMnPke5ug2foxkMLywqkvqWra7iCiUAlE4.pdf","B0C7320A690280B14DDDEAC18A87BB40825D2FB9805DAA644FCD387F65B083E2"
"3QNoHjCNT7oGRtgMnHBhfvb7CA8V57oMFWaIg2qv.pdf","CEF58A703FA61B1F60F596064753CBBA82CDC403F0632199E3E4ADA7B37E8E3D"
"3yj6SsW2AqnKIgKUay65nsrqIAtkdJcnSu1gDRD6.pdf","705AAF1806127238E610E0109F1C876378FB7BF27C1ABC9C1732A19624A8397F"
"4EZNhIx5648XkB6W5nQceRLq6MFKF5MCXPD4jcv1.pdf","BE06F02B71196CD9F67B0A0B3E766844B58B1E9B118F7C815723BA12AB197728"
"4NUn6PDA80dRVNXxeuJsXlMeSxmf3VnSRvzfsMS5.docx","47D26D42EC51B3F719D69502BEE9F77A379913A1774C6372C130967EBF632F88"
"4z06BZo72zxoyUp7ZzATzbxwYuhQzqYFb0M082Nn.xlsx","989BEBA28E6A6970D99B23CCF28F6555E83C0C353E9F5F258FA9C8DF7E1E2E0C"
"5JdDMtem12gZ7ctJMFIDns1oh7kKxuzKtB97KWRf.pdf","E0A6AB2F84DD1143E79245FD73FEEEDFF011A5667B76707FCA575CDA35E07FF7"
"65pNkM3j0uQMGaSCamV2WbZPnetC9A4RUMSkcrk7.pdf","5754FAA76F245A36A26B55259EF4F31ED8CA2E567DBED8D5A4C1B6CCBE2E43EE"
"6BYt4zKH5NTlYe1pVSUrj02BOzKpjzY84SAGr4QT.pdf","E0D3B742CAA56B807C84BACA0CD1D9229BB0C2227326B6407BD9E38B63A11EEF"
"6Ell1lSe2bdVerKqDuEuPPi7Q13gGBjPzhgVH3xx.pdf","C059279FBED31AE0CEE59F0F8B9AB0F54B7B6BD6FD30BAF9417354814B0CF6DC"
"7nTUpWVOoSh7qFllN2g9RcwpdNuKKGXI0wNSWj6Y.pdf","87D0493539FE1339A4493AE33CB4049A0C7058E4EB74311AB13ED950AE70B97D"
"7tOmegftOZSd5bN07zlIsNsKPcinSiuk4IFNwsAO.docx","991BFB55FD3A4D8D4850F644C7384503C711F5A8AA29628B3BE50A4853FC0849"
"7V1onotHdhgerfOwbMHrQkOl5p0pklj71ilpreUc.pdf","C4BB3092920E3C52A5A08933D6239D0F9AAE17494A4F5DD71B3A6B8A6631E2A6"
"87rlAiG9eL1H8w7Y4Kw48NnihAzemsOAJYKSl6Me.docx","B6BBC6175303A72015FD67C3BEB33FA20A8DDF6567AAB1093700EE93FEB13B56"
"8clTQfum5Vrf9kF8ZnyMIOKP1fzi8Y1aQQAOB5gb.pdf","F9CA6A4103A07698ACAE095E5E8BA02D9483430F841AAC618EA43A842BDB8EDE"
"8lZvGZCRYmkdJ5wkQxI3F8qfPri2j1pJ9Mx6Iw0W.pdf","A0A05AF4A0F46D629D37E0740CE6EB00705344D121E25DF11DF6432AA8CD4462"
"8VrR5YvsWUWcV5MtHnppzGLP8ODbDW6wdlqBSK8o.docx","87C5589CCC141AE12E0D44774E8FC06E967B1B604FBCC5D9CAA65E2EC87EDBFC"
"96FbCTa979BwXpzQ2Tdpd9b3VnWgfyqqufrRSx8c.pdf","2B62645436786FEEA07F7F73EEE6FA77ED3CE5AF104FE1CFADBA0B269023B066"
"9d8IFTpCPPe1FF9GRtwf0OmWEPTXbo2x52FZGGYk.pdf","775F20F4E834D5591407F2C532339E8736D7A336505BF676EC93138A8BBCCA88"
"9ip5UgkeKBsc1qn0aq17H3nrjJeocEImSTS6MI5n.pdf","E0BD5147258A672F0B87D7544997F060D1A66112B83A728B6E7C9CD149A2660C"
"9quBZUSmGpL8JakR95WYm81w3LD4J03gvgGocq19.xlsx","80E6B29BFE813F95BAE7D3516A2668145F82414CCC02027EBDF594697CD1CDD2"
"9t8ECdCUZPsSHmarps4vRanWMcfeS7s0gxQhxY9s.docx","BAF7800E5FA7691F439678F61A633982E945AC6B23F95A3936AE5BBF4DD62BC4"
"A0L6MSaLOVTyQid2EDRX2EGCOey1T9VFGC8eRSLY.pdf","104EF45389C60312F7C22E02782D582F81D6D222C7AD27AFC2FA3D426C3E25F8"
"a2jGBb5LW8mtymBLEuh9w3GT0CQUCsScDWI421H8.pdf","17D49ECD2A8FC0E280C99DCDB3B23CA3811A9BF003728EBBBE89DD871BCB434F"
"a522ErgeKADyREDlv9jv5uk02wBNScboXjgdb91X.pdf","C885C57736F41DC6F0222E6E477325979004EBC65C943E4F85448B1FFBFC9A89"
"albYTIWki0JhSht8MKSST76UXbKHLi8vmRBBZnqh.pdf","BD1F058322C12FA8D9217D19111CC25ECE0A510C202005E879F0EE4082B0BC99"
"aLePetsg6ogsUdOVl57aF3JhEWIqZ6n9ObXY04fj.pdf","C5ECF446E5836DC3D14E57B08A93D795E50AF0948D27D11AFBAFC8EC3514EE44"
"AOUJReTvkFQuV5xA6WUpO4sf3eWCgGvvacH71toJ.pdf","FDCC368418695CDB9E7ABA5EA148921A6936BC70A304C3D1647FE9BA40F27BBC"
"AsYJVwPHDAxAstnfUVO3ZWSSBLqe5WXfx3pxl9up.xlsx","7118C801BE3F56854B7DFAFAF6EBA8F5081FA1B2E230C0526C3C4617D64A7DD6"
"AT6Mt1VcyY2mecPnKhGZh8R0eipCPEBlpKIikUY0.docx","C6192020AA9AC329AB20C061B8EFC276B25784BBE9CD1CE4CAE6086FCFD46617"
"AxcFoZXnVw1ra39tEPTrl3DZD35qvfutSYXoDngw.pdf","3B28B184029A0719D3F50E3FA5D6DD2125208A443DF64449E49866F43211D2B2"
"aYRIY50ffnJ28UzGRKfqwQJ947IusjLLmekxt2o4.docx","DF02535F8322DC681DDAE3B6B47205A38C044AA7F8F2AB0146AB78B37F81734C"
"B7UYwpxzaNiwltXjhhBGXgGvM3rEzTLA2cf98y2T.pdf","6E33778934F595927CBA3C997F2BCA35046EEA371BB5ECA0928638C72B8EE686"
"bernaDuP2EN0kScpaxk8SMlN1LU6JKmQwZnOwOTp.docx","359197C0850D6E0908E9947F87338BE99D33808AE9869AE104F8FF478B592B93"
"BqTHbrpcx9OT8edJLjAkOsOkv4ENkbLaAlDeTBMC.pdf","C7A2BDD7051D1811AFB144078A29293A2EFD2FD91078807A5D7663C18FBBE8F8"
"br9VZ0O3YzBVPKZycm4dqAEBIy0804qX3mpmY1bX.docx","27BE9A6F812A4303482C2586475BF21D7E38B9E3DCE9896D46F8E743A0CEC067"
"c4qsOZxMq8JopHvrRHjI08ouK3PcQHYapIf02lDw.docx","6EE0346564728344853085D454C80AF0239847EDDBC3F7C2780DEB471610D414"
"CbQzTxTPmUjTPdmWaX9jPPK2qnGD7PvdD94L2lwn.pdf","BB76215F5B07FD3C2BF0AFAFC36127A912B86B8F0984DF355C94A699FC63870F"
"ccgU9Qj8kjpkjvwlWtnv2Yea7Ut7G9GwiRDT6b3a.pdf","B5B1F80A90D5912BB990BEB47DC781C05469C75C942A3EF4D6420FC19E6B57A5"
"cdfwsEQLVU0H3zzCXhuB789WxSQrvVeUuDymqewv.pdf","4860C6D0AB3153308171DFDDABC9B3D5D4156CFF15325478B5882246FD8C8FFD"
"CVgwED1fMcVVv1KZ9tkcY1JHLVV5gcwuKzGKy0lg.pdf","0A000A8011D041C4FFA5D07D710021724FFA09A482AEE77DA36717055A579FC4"
"Czx41pmxq7AbBu5AWKT4q4Ht0YkWLPumqRmx3dNU.pdf","B118C4FBBE5FEB12E9CAA5E43D15687ED8FE60EE5F577A7712D6D5696A99EFA7"
"CZx79H02BD93Div62mN2ixg2rNKa1NuiMVPcw7Q2.pdf","5698E29374DF645A2680F38C4C4BBB357C8BC32780E0B0968A53E929DC1D79ED"
"d4SgrEMWtFJnPVMs6tXGAezvSiGQ72rKuLJebosZ.pdf","893611F222209CD02D0BF6EEBC234293F05E25CAAC5DFBC9196080F6EED6DF8A"
"DLQSJE7AYV957TwNVP0QYVcFBmcETozCFmug1PA1.pdf","E3A29CCBF74ED2616787DCFC9D615275EE12FB6E60A777D9B718FEA2EAC758ED"
"dMWZ0sTO4TU7NLXbxwthvNwRpP53lM5hZFuEZJO3.docx","3E1DC999F627637A92A6BBE985ECF71DC60CD8352FE535A4F7033E530FB963B5"
"DOGAbSiCiPrW2B84LNqkNIipBEkYCIN27R5xTLus.pdf","AB553CB5B4862F26CD84F49470A9C72CD355A7F6713BDAD57DAF10BF29CEF7C4"
"DQRHZUTt6BcOZjQtnSINx1nxmCtUjIuYyDJXNa1T.pdf","DEF5F232C1F3C9E049020436374B342B607E058091D4A692A6A6DAFD040109B8"
"dqS46zEXpC5gtQEAOOkwNUmbDwQqsDPUC3qAF09A.pdf","EB35101EAC3EF0573950B9DB165E9972A7B8C71E79E7A558414A7A5189B0CDC7"
"dRvp40pjbaiiQdS0ePW5IfCKaT4fW4jqmS928Wkg.pdf","EFFACA3B755D7A1C194D083752AD88FC3C50F866BBA42DDD50A26D37CC109F20"
"DxhtK8n2wUWfVbS1LTmZr0ogsnLDaCQMCnpW0syf.pdf","63DC160F1986E9146D805AA761EFEF6C4DDA1CD597333B7B173F838E4C52F3BD"
"dYosLrxYXr0xNYZcNtcGOKgaAfcedGn8C6RYYQp5.pdf","0AF3D479CDC36F850A78883929B58F7EDF019A1980280F4C51D2741B8816CB74"
"E166k72Qq5SCk24xvWpww2BaZo6s4b9yMXKqNkSx.pdf","9602059FAFF3C191C4E6649AC75FB868AFE5F8E694C14EC4F92481CAD01BD0D5"
"EaT2QPc4gwnMVdJLPXfO4Ayo4LBATi3NfU9bgix0.pdf","56420380D8492C01715E6F56AD1392747A82312AF1D163D050B8A20F141AA5E3"
"elZ3YzVVw4mE1AqryeWSp22MhUDUw49H2Ur3ZCTX.docx","D8B5C139082FE83A9E8BB804F621C056272C052EB3B855BC28DCF71F1C70FFB1"
"ETanwh49ARmF7LqRJHywOMPL9JhACS9l1p5i8CS5.pdf","FE716CEA19873882F17B3812D8250BA41FDBCF7A5E052DCB294119B3458B39A7"
"f7YMLrAGzeOIXLvZICiwWf176OtzubdZtQxWtMU1.pdf","6507BC6CB249EB8C4AF65649551B799CC90FCA924EACC3328EBD6B2773464496"
"fDXPNUGXupRTfxjYBk4GChK7COxx75K0X8x3Fpyg.pdf","E35FE84EEB5BED2BE611D8D169DAFCF3528C5D727F83B48C7460663199D6C2A6"
"fhWcwcCxwOWHCGTV7y9O4aJrJvCTDsTPrUiLDPm1.pdf","CE2DFE88C2AAE2E0EC2CE3BBC042EDF3296D0E71831D9F25879E3140F9863FAE"
"GdILHSiS1gi9k0vCLWTku1VRzeT9efkp128R9lPR.pdf","7870B29D149E25F9764F5227C86D1187934467432CDBADDC9CF052A6DE13DDA0"
"gg4Qux32ctXJNnH37vYPeczq8iWK8WnxEyC38Ucf.pdf","854412D7806E021753DAE9E0BF6B47ADCCF902BE82D08DB292A811015DAF1A8D"
"hbP6vc6m6WHwyWbeSJCLjo1h2C1h1odrNfDKZhj3.pdf","F8A4D5A56AA4BC4CEB0D3AAE28E2C6C8A72BC88E255748DA8D68BC60724718AA"
"hGX3LF4qBaLGIMH9sUJtxe9GXiBSBpjaGeQ06At7.pdf","DA8C633CEBFFF1F5DCCAE8A9AAD652BCBF6DCCEAFE8B90619738E6C57C5292E9"
"hhhPULarNfmTLu2jSlL9xba5JorNxFRUhfXfzpnb.pdf","2F45DBD9A0CF84AF480118188230377EF7436F584BA879497CA59B99DFBBE976"
"hhut4IJi9GdWtlgt8qC09zRJ5K70gnmKFvq8YgCA.pdf","5E3EBECC7A7D593296201280BC708C2F8789206C8A3DB6A69E2156685D5DE440"
"HqDxlZ0K6nwRBEHOA4KzM8QRnbnmY5me1wrWvZUN.pdf","B3EB6ABBBF89F62FA80F0014F612DFB321FBD13CE51990718F624B31586ECAA8"
"HqrPbz1Uc6Vsd2jGaW6ny0OmJSlZdwBA7dNr4QQr.pdf","7A4EEB0EB875B88E0683FC63072F6A4E394ACABDDA6BE7E40D86D977552E5FFD"
"hQuRv8ane9GZqKZu5DAAtSHUn1OWU2BoFo6LSHKO.pdf","5CA3E91A8FEBD208AD89C9AC83CC1DB1E9FB73F4433F427B0B0336727BA029F8"
"hYbaTjtd6pa1E2IF3w6AG4tZBk85sEYWwMIxLV0k.pdf","75F98685376E4F44F4F3A790AD0D46E16064802D9F78F6666AE9BBB53A859018"
"I0E6Urs4m1rBsybW8FebdyHdMhYzuXE69lgcJclB.pdf","F2B88A74F07BA2405C5995ED66A6C26EB928B3841ADA72641F9FBDFA8666D378"
"i3JIYwn4D0yQvX1TTxYmmk0nTkTaDr28pEMV0eW1.pdf","A55D9CADC07816E3A62AC547CFBCECC0602500DE874EBB6BC925AB37020A3382"
"iG2UmNVuI4LP7dRceHpDfDKhT5IrzTOEcg2h1eMl.xlsx","886F05A9E55914F1D040C757C7153A20990E58FFD8B867012B3CEFF970E94942"
"IjV4z50Ct4ZZB5twFxxdJKt6aJ2QJauCY65Bthoo.pdf","DA7A92BCD047B473441554A439DFF6A57D95AF85B68548858C5609D2DE6A0569"
"IkeQ1DKfqCBZMz5N8Pk5lZt5lOqS4rPEqukDacDj.pdf","729A072EFE29080265D1A6AF0F324F40D1534BBC7577896F43AA02A3689599E1"
"Ilvbo1p3iBxNqz1w6ls1Y1EWDwwR8wXWPfH2nEwX.pdf","06315B05B159AA4385970F085EEDFC66A8CD03AF49E2CEA957358B11FCC7FC6B"
"InMpJfoMDT9iOCmAt5mREhLgaMycS4n2NJwPjp98.zip","AE2654285872F6734EE1FFB0BEF1DDB709F63969715118EA7DFED46BD9A5702E"
"IucaXFyfztiua7gqdk44brxHvjHFURAi02f84Eal.pdf","19282A8697BD8BD7CCEF31749C40A54ECF98FAB75DD06C887DF0B1B130ACBE95"
"J4Vwvoqemx0gSAm5Op9fXYVA1blrCqAbWOKzQCE6.pdf","F15627789915F2BC2ADFF97CF92C3D6CF9720D35537FB5A2AF7F1AC871DE5642"
"jbHq5qw2SQt9Fiu8JwpRJqDo9EKhszVM4mdTnEEI.pdf","C1ADBC0CF8616DD8AD813F91127FEA13553BCC5F4A2696E6F7D272F41EFA4263"
"jffFbrvpfy2E7aEBAmKxodiZqaluNlhBSclpBwPh.pdf","BA35018EC9A7D8E01D0BA17B094C5C106E9A5583520562C9EB3B7EE814AA9883"
"JPbqdZ5ELq9tlcLrsi6vPmcDknGsUymCiBxurIC4.pdf","AFFA691D4B989D7AA0F7271FE90E85514ACD2A1DE8010A9B4DB39B8F9D218780"
"JURxrBQcFSGbV7M4OslBmKsto9EmXzGk7zZskoGw.docx","C0AC9238D705FECE841D11E52340E55DC53FDB42ECA5517F30CE02C6E81C1F75"
"KaXPUXZmThrPoejwDYLLcln1vUQUN9dgDz0POwnl.pdf","91F868525F0A75D52B5CB01A5F95EB177E81C96BC2063E8B5288F6B096A74C02"
"KitK6pNm81N7KzXnLKZ94XM3jnCcEWuzgIdqSW4U.pdf","A9AB583F4078E45F5D431BF79B68FACD77EBB9BC350AA73EDF35EE0E98F741F2"
"kNAxvonrN2WSZkw4zSJhFGcZZTgkcSPT9U1aZJ5a.pdf","FFC1726C2D0C00DAA2FBC2CD2E96C7975BCB538BAFDFC1FE53C997E7FFACAE71"
"KwDg2t7ctkZDW5OfA3czUYEEGUSHURJmV7oWSQdC.pdf","E2A14D7A2F4EDEA56308A6DFBB41296EE7325772B2AA2583CC5023E5D996F556"
"kZqjPWuqNaBVydZt8ligurEEJ3B0AI8h5M53WL23.pdf","346D6F424C6C21F5C2420B35B7647B89F71951A5B52299DD8C8ED860EA7FAB7C"
"lktd4jmEbI8enbVeeNM9SxkvDuNpTs7tQG9RAvnj.pdf","23D46434FF1FD2491CB77E44F0524964BF33DA0D0BA4CD16233F19A704236380"
"LrVwNAYzuKwJpMOlUNeAduVvf9QjLelEBqNV1tAJ.pdf","F72735FC90315E883DAA953707CE00B6F187CA6F3E96DDF2D8FF1FF1ECDFEAA4"
"LU2dY5xQGNoIAx16rPLNeCcJ1fVdaVV6zDoH0mac.xlsx","F6AC90FAE21AAC78AE643B68612880FD8FAEC2D0070E6B488E46C86CA75033DD"
"lx83gL4OV6kNUFDvTDVAXwesNkw4mImjZKInNpsy.pdf","A369ACD5445593B97F625AAE60C977C92066C14A5C9A2634C9DE44315F71D6E9"
"m32moCBdLyDJJHlFFROAgzmvYUuFIgyfLBIaInGm.docx","DDC7C722C4E66BA1B17063E07625EE9B8E629123E9AB77D63995EFE0707873B1"
"M5iGXFcRnktMPIllmsAisIMli3Vv5GDRijB100Ud.pdf","03A1E7781E6EDFC7DD1EDE60A6C19C4E70FFB66AE98F2DAFE7E516345D23EEDE"
"MkhGwmVj5PdyMrIEDA0RW4mlWDdxgSmZwl8GZr7k.pdf","5AA632366947116764699EF16D5FA4C69429AD66092DE9884C54AF1615325A0A"
"mRDtO8fyrSkK2tZ4Uj3SR5J2TZ4msfEz6bXTi9zA.pdf","46127C32D9BE766F020B12531002D5D15E0A9CBE44CDEDD63245B34E6E0E0B5F"
"MRExZm5QZfRdNOXtnDQ54SjqClR9RW6HGmjyVhfv.pdf","DC5817D5538E479E10117B9E92A5A40C92B361B54B124888345340B606F1B3C3"
"Mrh39MVcsNUoBBdFYdNpSmIOYhKUwJIZaF8H8nqb.pdf","27134FE81AB439036DD9D86C0CEB860A01C5E4EE7897912C15E2D58BDC730278"
"mWfTu67Nqf7Oa0JNFYtoL7IgOfQaSHtMYpwJiZtf.pdf","4533C07D33041412858A57002FBFC0B8353980AC6CF46026BC444A546883B637"
"N2TaLt87LdtUjWGbCjZMyEnIjgHoyxrUC8iBNvWn.pdf","12F0B76E39AC50598C2AC8C7795B763A8E683722E336E9EC00743F7A0626BC2A"
"n9nH0ArDfBIRbAFKgQpI0cwmlOcODUbfuM622xN2.pdf","DAE98D302F8C1E1F42CB0106643A32026F994ADE6DF95B04704158CE97FE066F"
"nPScqxI3K3UJDUQz27JZOJIPctxJylqLxqqxVyi0.pdf","61CCE1FCFA2344176BBA9C9773912D3CF4FD29660E33545F68327067BE71A05F"
"nszOlna1NoC4NsZsDMqeADJidqZW9SuzQQc4Dre1.pdf","C0D0128F0A12E500BC749904462953697EEAB1B8A449C01C6D959640EB4B9615"
"nttMQdZuVFZfpyfV5wf0u6RnPrtf3jzyntR9cb7n.pdf","3160485EA3C404359E4F7C17E12FD9A75B9ECD677EBEA072C234C9562271306A"
"O1JWfIHc5VByZuilsqHmk7HeIppHbYCPIbKiy6fT.pdf","8677000943CA04DDCEFC3F2E06DD926EE9A246D7EB0B1FE09D7550E9C663A9F9"
"o69nu92n8h1WbJsANexZcuaYMRQUEeEfXiAY86ab.docx","B31FCBEB0F29082E3046F8B7DA5D415C5D392429E6F229024548D0CD872E3D8E"
"oHoBFO5cnzXtZNovUPiHdfyTIa2YEuDvll9fwqY2.pdf","1362834D9F75951C971A44D7426008E2CF72550093D5AFB76230D0AFFAD586B0"
"OIxUxehwOESpkdYt8MZJ6YA1CwjeLgVlL19V7JBJ.pdf","E11E7F2C919499F3AAC9150C8995C961D6F86FAEC7FEE80920B53696A2021C5D"
"Oo0s58nB4DzNKyvF3aH2nVPJHvI447xdXmMuHLHk.pdf","7959784DF8C3903EE9DA0920069D636CBFD09AB6F2B9B6BBEDCBC9151495FF9F"
"OR9AY8FbRkcckxNJ1GzWRnBEa2rsb2sQNAuzHBxc.pdf","6B5EDC8701B3A08AC1FA95F4EDC7369B6A4608CA1473370A32FD0B61A6DC8584"
"oRuPyD8lrlvxAztOVF4ogrnDTUD60qFU3GpWF0sP.pdf","126319E9BC2A2F5DB3789078835E1AF6CBFD4AF71E37679E239BCE028A1F3A16"
"OtFg1J8terablPSslSgI3JAI4Rg1usD8Lm2MH1oN.pdf","8FF8527885D9BDE213CAED540EDA1BA64CE6CF2CE76F2F5C738DF019CC7CFF77"
"OVR2GcKvvUjSvunffg2hdE7V9BF0ORYVEsBo8NGp.pdf","A1E016721A19C97B83372ACB3CECBC0A65AC0B3D5CB80C3EC6285ED394930616"
"OzTIhS4i3S5eG1HrvKnQ7GThPotQnQzw9isKCsmq.docx","330E018ED7F6347B633B0D40A17CF0C54D0823F83D4D88E0FF4A2D75ADD944D1"
"pFPvVYYsJBg6F6967ejZ2US8dG6ZtSyptaDkmrwa.docx","FAD89C4F1BF3D03C7CB5AFF7A5BC45F10FE03338175CE83BEA0E8939488F713D"
"pkiOkhb8rjjGZGNRuQ5EAMZ77hUlkNDnAItC1WnW.docx","B9A5D7AE5659CE661513B04048BEAB77210761265F9733EC1D02212DEABBF2B5"
"PxkLQ2bdoo4AVzRGXlnaYj3pVghQTCQ8VdXdBSbB.pdf","5FEF9919FAC2D222832F77F2BDE9A1D71531476E101D90DA72C6C61A6AE28CFE"
"q9mGkZDKMMuYEfz5WdZI0o750FTrlBFE0qixPnsH.pdf","84C4E62CE5BDDFD65A821E793A2263817866028295516C0E710F81A18C71DD62"
"qavxDq3TePZpgKrbC0EKamynx1QrY8IWKLxz2e9P.pdf","76011EE876264BC74AFB6400FC5FE1811878B8B176C79EB9B0AD9089796814A7"
"QBFWe7jRl2hr1JMkAg47ieMBv1vnaTvhvafwLjw4.pdf","456C419D87EE377BA9AE9280DA47F81BED6C72A0F856248626F6590EA39664E9"
"rgJsfDiVQXCEHye6X0VZMJZgwQbpRnp0te0gK1Cw.pdf","F5A3612882A827F49CD81EA58960B339A44FB77C2A0D02F292FCDA4AEA3FF468"
"RqUkjIYvIXLY3VxYQXyZ4hzr6hepwHJsYQK4LMqK.pdf","AAEFBE113838D23B3CED826686A301E670E095B6763E04A09A29B8ABE135E0F8"
"RsJ9M7GHWLPhC4lEKyezRiB8XyXvuFQRSb8ieDaI.pdf","7CC6F8AD7F908A313B9667F3C31974CFCAA3A97480EFD7B19D3AEE98248243C0"
"RuE2mgFonfJt3NAWCTxlEHYeF4U0F7acmwvMuo77.pdf","4DF6E96096C8796E8484AF2A6F2AE60FCF0733CEA5B9AB1190EEBE002AEA6CFD"
"RV6P9OmltQyGDnLSAZZFSabGYxgzdE5b1a40l9HP.pdf","3DAEF57A727DF4A7E18993BFCB10E573FB4D0F5368B1A237848580EF1E6BD2B8"
"RvI6JifOCDPM1U2fNi8VmXcaFLA1NfJfYCfJupcn.pdf","4B2E20C2C648235C21C71C8C062F25A6746828B10259A1FF4B049D76DD7A6F9D"
"RyX4VoU5LADNqh9a4LQhIJvAMUJTLtFIhGThrYWs.pdf","EB8646F236791324924F70AE761E2C432994D8C7B2EF767D08445BCE51BC8969"
"s3Qj3LxiTQxG8VraIgTxBRT4f7n0CgpIoDV01J4n.pdf","208732D5F07158A6159C9D9A7FFC9AD2D2E7C7A34DB4CA624065E99341D94239"
"SVuCqCDybEAx0FL8Y7sMKr8Jrnh9L0ULRram1Osd.xlsx","9FC7620850A2A3CC430779A7C1B75A3144B81E8946B879E5C25C1921BA560109"
"TlE179IP6A0hGVwBXnYD1wPQxScdC4Fr8aR7h47G.pdf","F5DE1FF0A3FEE7BCF89872CB7CE48CF72AC01224FB1615FD89F1A7AF90D2F3F0"
"TPMn5DiByKfSta5rIa1nUrdjth0Zkrm5bgtCG4We.docx","53E9379FA05AC7BEFF3BACD20204523AFE037E0D336977449DEA3BDF71F7B054"
"ts9kEhR0tAVFBPBkvSyNvu6ddjgW5RW47abIlKx6.pdf","557E3AB54FCFCFC14A54813BDE9E15E6ADB72C5ECB66A3D5DF9CC592B19DCCE5"
"TXaLJ8h6Ie2UpC77uBEakB3ivliclYb48jofnoAH.pdf","F349164533D31A376030BC15F01D1BEBD083654D8D46D1773FEF3579C28D8EF8"
"u1VYSSPgCvPGZ6Qn4VvO6gWF5v8u0VKiieJpHj6B.pdf","7C27D366838EAD2BDBB9DBFF35767E5D298E44A45F2D59B0C5216B6872FE2351"
"UaWZZnOTmr8uaETok7Ma467bhTn95sOTAGRxqa1t.pdf","17B8A928183474AC51975DB1EDA8FC517AF2AE3A7263ABC9C7347E3FC3C304A7"
"URCzisQMJPeK6MdfI2t7FScwG6YJtFDQ3BHzVPCm.pdf","69776032779DF7F972E64D76ABC400668D271CD601E6551DC7B6A83892C7E6DF"
"uZHbYKN8B9uvSEbsOGNQxF7mNP28hIkRh5dPCIv5.pdf","EB9AB0722716235E236B74B59F83461154E8C071EA10600BE38BE956ACDE6E8E"
"v0DqE3qGSdYempcWpSrX1bBHTeeISovpnmrMzjfV.pdf","EB6A25FCF6B83669642F7174A509B502FFC812791280B1041908B4D3181D1F37"
"V4E4rIPGzkQieJK50vobZXtdcocQFL7V9qAfPLud.docx","46921F033D8B8F667CF90C445F183297598BD04D893DF4FA2C6D045C7A8516FA"
"VAPs7T6WVboVqCfrK9Bpj4GTLccavEq0bRouW3sm.pdf","A6465665ED0525D33CECEF9F48E3C3A1B9EA33EC3F0196A7EEB6CCA6B55F2211"
"VgnqUCKoHUYP4WG4jRkdIn2rYxj2yrQVwkSCq4AI.docx","0911A1CA0718B1757AE7D8C998FC12AC8859B5ECA91CA2CB6AB4246675A06520"
"vKTYXD79aq6mFBA6QWRU6mZKtT3sPprSCqocxzhQ.pdf","8C6DB203F2BE34703FFCAB23BDD11CDA7A25F4CF9742EAA607615595D01B2AEA"
"vnI0OHg7UKvJMklzlAsdICwxwIMaFkT601U9TIS3.pdf","51F5F71ADC0A77899F8B4A61B57AECCCCCC25258A6F37672DBC5B7B36BF7589E"
"vs3vQQXkqyvrYISpMWd34tK21agVyqvp38dzNMEO.docx","1BE7263A8B29412911301942098CB6A0A7840A4BD68ED21A7A8468B7405B12A6"
"VtbqMEtrKVUdM9Ahio8KM8YHGKAEaqqT3X9GU6js.pdf","6005ACE67011B58837DD9244D7B9E971B78F6060444774495A26B624B2AAE8B7"
"WISjk8e0eBYItWeChnxa9UvAxp3XSA0vjzZ6pGyW.pdf","966C7196A14A8F695A9813CBD3B57F66D66B32F874FB4F5F7ED325395D5397A3"
"wq8Nf8PgJHEuNpVXg66hXyZ7NfV6JL5ZlwwFa6za.docx","D73373355D7B5BB850C35385D9D8BE85FC2CCE71F8601CAE67FB47F01F596D56"
"wVxhnJONS3tv302M7GwRonmyZ1CFflmQwgsKh0d0.pdf","29DEA4AF5A260408A06532D3262049187F96DBD892C8CB3865E5B6577C637834"
"WxHndQIwNB0pnXegTZfeF0MM72sqQv0O9WpvdAu0.pdf","C7DD53BA2A53F386637123711EFD8D899EDF953DDFB4BA86F076689690C48DDE"
"x4F6GCZ2BPay3zmGYjsyIhwSNx3JKasP8kb0A10X.pdf","BDD39B352D7BFB9242DB995CB0719E00DD1A0ED13002682D32F4F23558DD0AD0"
"xBuUdoDdUReIe7GkNMf9GRMww6DfMtW8dCnRnQg4.docx","1CA6DC7BF334ABDDBA74314B2F4E8E7C72A4E2B1C60C2B9F5DBA3B7057EE8C36"
"XcBfw22eDYPjQ9F12HlNkN5ajhZvlQkEsYminmdU.pdf","FBFAA963C0DA8D95C661D9DE643DF73909C7DA035E5C53E0EAA487B28A507A7B"
"xDx6pCplvws6hmGTvSKEjRImMOpmMw4h3KBiCbYy.pdf","428D08D56C7FAE3DAADACC4F94B6A23BDCF51FA9229A01746EAB8DCC263FB779"
"xIuDmWueRS7CRBLEiGkfygklGsqKrGTNU9AAUkX8.pdf","B87A02DA0EFA486934FB40A9FDC7123ABACBBAF952B04155C81964B91A05954C"
"xIYsZVmJPND02yieOgtG1LogPvH2YOy8XTa4UttS.pdf","973622B1BCA4506A4D14E79CAA25DF54131A62C47C13775A499189C6E60E3EE6"
"XmW5OPOWAzm6V1BKK7YeOsLyxqjN72rrAZeO5ITO.pdf","3F662ACFD559A78BEA3B5382707D38B34CC375A0C4977325A3516941CD6891FA"
"y6nOGBmW8lNW0CuRjPS3KUtGHdPSRGjOYVC7FYhy.pdf","B82AD675D318DFDA25008C470978B292EA4BDF0834501492008AEBD9E01862D1"
"YJNi4twBxuBJfHEAbAlSSlFK3SwHI6OVSzsASxC6.xlsx","F752265BAB8B17B9505B3CE393F0F0C25860B6604E51C518A96D1F15F7EDF052"
"YrSRfVyBAEsh9BP2qoF6nnSqVeGFuNQlGjGO3oXA.pdf","34880A5350B44A66E7BE6EDA8DB88229A1F08131E154760F0ABFC40107855D7A"
"YtezrJGQ8IPTxvaaCiGygNgGnOKsQDtbOGdHeXKZ.pdf","4532E494414D27A2B18B8754F2AFF7A72F6729F2FD2D9B2C4ADDCD6F4C154581"
"yVTXquy5hfpHqdjJRiGOBsZPGVyffRLfaGXMnLpm.pdf","7AD5C067890544AED1E4703D929E37546B52A97782BE9D0D62C78DA5669968CE"
"zammuIw0EixzaQFWoFkxBkoMC4CRgclzup9pLyuI.docx","183C59CEB54F73E37087280A1613656DF16198E44B61541E3D1C859A59D09AB6"
"zmhdWIi7WUWeimTUnf2LWJ5jCtVoocGhInlfP23K.pdf","F30C9F471FFD94CF932942308FE0A0C2F4AEA082CE78D956E844D810DC63AAEA"
"ZPtB9EQSGDMYpqtuDWUGj4OL9mi92zEORdQsw8rN.pdf","3046D5B770DECA0046C708FDDB354CEAF72F428F12F4ED29066571CAE8CB3D2C"
"ZQgsoVUKlv5PmyFVvpoy0Plyhb4Qehu7TpndtlEO.xlsx","F683B6A9B586482719F9AC5F0CA840221F0C6609A13286BB2DD073AED36710DE"
